from,to
EverhartAngie,1stToDie
YoungSean,1stToDie
GreenEva,300RiseOfAnEmpire
HeadeyLena,300RiseOfAnEmpire
DeLaHuertaPaz,AWalkToRemember
HannahDaryl,AWalkToRemember
HollyLauren,BeautifulGirls
SorvinoMira,BeautifulGirls
ThurmanUma,BeautifulGirls
HannahDaryl,BladeRunner
YoungSean,BladeRunner
HenstridgeNatasha,Bounce
PaltrowGwyneth,Bounce
DeLaHuertaPaz,ChelseaWalls
ThurmanUma,ChelseaWalls
KirshnerMia,DarkSummer
NielsenConnie,DarkSummer
ArgentoAsia,DeLaGuerre
SeydouxLea,DeLaGuerre
DixSophie,DevilsAdvocate
HeadeyLena,DevilsAdvocate
KellyMinka,DevilsHighway
MaltheNatassia,DevilsHighway
GaraiRomola,DirtyDancingHavanaNights
MatthauAshley,DirtyDancingHavanaNights
AnthonyLysette,DrJekyllAndMsHyde
YoungSean,DrJekyllAndMsHyde
GodrecheJudith,Entropy
HollyLauren,Entropy
ThurmanUma,EvenCowgirlsGetTheBlues
YoungSean,EvenCowgirlsGetTheBlues
KirshnerMia,Exotica
PolleySarah,Exotica
HayekSalma,Frida
JuddAshley,Frida
GomesLarissa,GetOverIt
SagemillerMelissa,GetOverIt
CoughlanMarisa,Gossip
HeadeyLena,Gossip
DeLaHuertaPaz,HollywoodDreams
EvansAlice,HollywoodDreams
MarguliesJulianna,Jenifer
SciorraAnnabella,Jenifer
HannahDaryl,KillBillVol1
ThurmanUma,KillBillVol1
DarelFlorence,Lourdes
SeydouxLea,Lourdes
ArgentoAsia,NewRoseHotel
SciorraAnnabella,NewRoseHotel
JuddAshley,NormaJeanAndMarilyn
SorvinoMira,NormaJeanAndMarilyn
NielsenConnie,NymphomaniacVol1
ThurmanUma,NymphomaniacVol1
GreenEva,PerfectSense
NielsenConnie,PerfectSense
HeadeyLena,Possession
PaltrowGwyneth,Possession
ArquetteRosanna,PulpFiction
ThurmanUma,PulpFiction
ForlaniClaire,ShannonsRainbow
HannahDaryl,ShannonsRainbow
JolieAngelina,SkyCaptainAndTheWorldOfTomorrow
PaltrowGwyneth,SkyCaptainAndTheWorldOfTomorrow
PolleySarah,TheAdventuresofBaronMunchausen
ThurmanUma,TheAdventuresOfBaronMunchausen
BeckinsaleKate,TheFaceOfAnAngel
DelevigneCara,TheFaceOfAnAngel
BeckinsaleKate,TheGoldenBowl
ThurmanUma,TheGoldenBowl
MendozaNatalie,TheGreatRaid
NielsenConnie,TheGreatRaid
AnthonyLysette,TheHourOfThePig
DixSophie,TheHourOfThePig
BeckinsaleKate,TheLastDaysOfDisco
SubkoffTara,TheLastDaysOfDisco
ArquetteRosanna,TheWholeNineYards
HenstridgeNatasha,TheWholeNineYards
ArgentoAsia,UneVieilleMaitresse
SeydouxLea,UneVieilleMaitresse
HannahDaryl,WallStreet
YoungSean,WallStreet
EverhartAngie,WelcomeToHollywood
HayekSalma,WelcomeToHollywood
SorvinoMira,WelcomeToHollywood
GodrecheJudith,Winter
HynesJessica,Winter
